{"loss": [2.376537561416626, 2.134621810913086, 2.018114185333252, 1.88539457321167, 1.796948528289795, 1.7137105226516725, 1.6157091856002808, 1.5227104902267456, 1.4423065423965453, 1.3548373937606812, 1.2646524906158447, 1.1708358526229858, 1.1773473739624023, 1.115297269821167, 1.1648427486419677, 1.1943374395370483, 1.1920889377593995, 1.2596834659576417, 1.3524202585220337, 1.330296516418457, 1.3731850862503052, 1.4109135150909424, 1.510482907295227, 1.5220004796981812, 1.5832301378250122, 1.619081163406372, 1.7050455331802368, 1.7112231969833374, 1.7397157430648804, 1.7584556579589843, 1.7707197189331054, 1.781562089920044, 1.7808559656143188, 1.8049010038375854, 1.8149559497833252, 1.8288300514221192, 1.8218947172164917, 1.8349623680114746, 1.8432153701782226, 1.8530701875686646, 1.855943989753723, 1.8580349445343018, 1.8661003112792969, 1.858955478668213, 1.8772943258285522, 1.887439489364624, 1.8888611555099488, 1.884648823738098, 1.8907178878784179, 1.8898629188537597], "accuracy": [0.0973, 0.1896, 0.2375, 0.3106, 0.3459, 0.3772, 0.4139, 0.4536, 0.482, 0.516, 0.5534, 0.5822, 0.585, 0.6194, 0.6174, 0.6126, 0.641, 0.641, 0.6394, 0.649, 0.6443, 0.6519, 0.6434, 0.6513, 0.6482, 0.654, 0.6555, 0.6584, 0.6587, 0.6581, 0.6601, 0.6595, 0.6589, 0.6583, 0.6586, 0.657, 0.6597, 0.6583, 0.6605, 0.6567, 0.6579, 0.6584, 0.6614, 0.6608, 0.6596, 0.6588, 0.6586, 0.6619, 0.6602, 0.6625]}