{"loss": [2.3019203662872316, 2.289745903015137, 2.233230781555176, 2.1794382333755493, 2.142149019241333, 2.107359194755554, 2.0761475801467895, 2.050614047050476, 2.037242889404297, 2.012788379192352, 1.997380006313324, 1.9740110278129577, 1.952659797668457, 1.9349466919898988, 1.9051418781280518, 1.882826042175293, 1.8616604208946228, 1.8447175979614259, 1.8278863668441772, 1.8138611674308778, 1.800263261795044, 1.7965519785881043, 1.7810703635215759, 1.7752027273178101, 1.7642100930213929, 1.758770263195038, 1.7615134954452514, 1.7471434235572816, 1.7426652431488037, 1.7404331684112548, 1.7341434836387635, 1.732132875919342, 1.7361259818077088, 1.7278661489486695, 1.725702702999115, 1.7268739104270936, 1.7245013236999511, 1.733548367023468, 1.7369439721107482, 1.7398024201393127, 1.734275794029236, 1.7512704849243164, 1.7632997035980225, 1.7651451110839844, 1.7733732461929321, 1.777940535545349, 1.8015802025794982, 1.8066971182823182, 1.8230946063995361, 1.8386987686157226, 1.8448131203651428, 1.8665773034095765, 1.8876416563987732, 1.891941201686859, 1.903343093395233, 1.913198208808899, 1.9332467675209046, 1.96275737285614, 1.9966143727302552, 1.98414808511734, 2.0180976748466493, 2.0286500573158266, 2.056593179702759, 2.0786761164665224, 2.096021902561188, 2.1269755363464355, 2.143282985687256, 2.173383116722107, 2.1888616561889647, 2.2245438575744627, 2.2312171697616576, 2.257223629951477, 2.2813941717147825, 2.308439755439758, 2.341524267196655, 2.350886511802673, 2.359349751472473, 2.396308183670044, 2.428208065032959, 2.449037456512451], "accuracy": [0.0964, 0.1279, 0.1458, 0.1752, 0.2093, 0.2313, 0.2471, 0.2615, 0.2697, 0.2728, 0.2775, 0.2889, 0.2974, 0.3075, 0.3163, 0.3256, 0.33, 0.3383, 0.3502, 0.353, 0.3598, 0.3592, 0.3691, 0.3711, 0.3754, 0.3796, 0.3781, 0.3828, 0.3805, 0.3821, 0.3832, 0.386, 0.3855, 0.3874, 0.3888, 0.3919, 0.3928, 0.3944, 0.3903, 0.3919, 0.3956, 0.3901, 0.392, 0.3955, 0.3946, 0.3955, 0.3918, 0.394, 0.3914, 0.3885, 0.3954, 0.392, 0.3928, 0.3902, 0.3904, 0.3914, 0.3893, 0.3897, 0.392, 0.39, 0.3855, 0.3895, 0.3894, 0.3889, 0.3885, 0.3863, 0.3869, 0.3849, 0.3843, 0.3832, 0.3807, 0.3791, 0.3848, 0.3768, 0.3811, 0.3755, 0.379, 0.3782, 0.3779, 0.3714]}